,Survived,Pclass,Sex,Age,SibSp,Parch,Fare,Embarked
0,0,3,1,-0.5654188991856514,1,0,-0.5021631365156053,1
1,1,1,2,0.663488390424261,1,0,0.7864036178345383,2
2,1,3,2,-0.25819207678317324,0,0,-0.48857985158126105,1
3,1,1,2,0.4330682736224024,1,0,0.4204940697654092,1
4,0,3,1,0.4330682736224024,0,0,-0.48606442844527137,1
5,0,3,1,-0.10457866558193422,0,0,-0.4778480503138746,3
6,0,1,1,1.8923956800341732,0,0,0.3955913807191113,1
7,0,3,1,-2.1015530111980416,3,1,-0.22395733767514675,1
8,1,3,2,-0.18138537118255374,0,2,-0.42401799520369554,1
9,1,2,2,-1.1798725439906075,1,0,-0.04293139010125909,2
10,1,3,2,-1.9479395999968028,1,1,-0.3119971474347855,1
11,1,1,2,2.1996225024366516,0,0,-0.11378180431879875,1
12,0,3,1,-0.7190323103868904,0,0,-0.48606442844527137,1
13,0,3,1,0.7402950960248805,1,5,-0.01869880977838891,1
14,0,3,2,-1.1798725439906075,0,0,-0.4900045872454856,1
15,1,2,2,1.9692023856347929,0,0,-0.32608351699632776,1
16,0,3,1,-2.1015530111980416,4,1,-0.061964087717411374,3
17,1,2,1,-0.10457866558193422,0,0,-0.38645367226008004,1
18,0,3,2,0.12584145121992435,1,0,-0.28583674682049287,1
19,1,3,2,-0.10457866558193422,0,0,-0.5026662211428032,2
20,0,2,1,0.4330682736224024,0,0,-0.12484966611715337,1
21,1,2,1,0.3562615680217829,0,0,-0.38645367226008004,1
22,1,3,2,-1.103065838389988,0,0,-0.48648299485510005,3
23,1,1,1,-0.10457866558193422,0,0,0.06632249221806229,1
24,0,3,2,-1.6407127775943247,3,1,-0.22395733767514675,1
25,1,3,2,0.663488390424261,1,5,-0.016434928955998185,1
26,0,3,1,-0.10457866558193422,0,0,-0.5026662211428032,2
27,0,1,1,-0.79583901598751,3,2,4.644392599719279,1
28,1,3,2,-0.10457866558193422,0,0,-0.4895015026182876,3
29,0,3,1,-0.10457866558193422,0,0,-0.4891674544258282,1
30,0,1,1,0.8171018016255001,0,0,-0.09022134505786503,2
31,1,1,2,-0.10457866558193422,1,0,2.300436803386727,2
32,1,3,2,-0.10457866558193422,0,0,-0.49210144397164657,3
33,0,2,1,2.8140761472416074,0,0,-0.43676213497987365,1
34,0,1,1,-0.10457866558193422,1,0,1.0054969729792393,2
35,0,1,1,0.970715212826739,1,0,0.39835834616870003,1
36,1,3,1,-0.10457866558193422,0,0,-0.502581702925434,2
37,0,3,1,-0.6422256047862709,0,0,-0.48606442844527137,1
38,0,3,2,-0.8726457215881294,2,0,-0.28583674682049287,1
39,1,3,2,-1.1798725439906075,1,0,-0.4218366202601652,2
40,0,3,2,0.8171018016255001,1,0,-0.457388604694989,1
41,0,2,2,-0.18138537118255374,1,0,-0.22546659155674054,1
42,0,3,1,-0.10457866558193422,0,0,-0.4891674544258282,2
43,1,2,2,-2.0247463055974224,1,2,0.18865657484452997,2
44,1,3,2,-0.79583901598751,0,0,-0.4895015026182876,3
45,0,3,1,-0.10457866558193422,0,0,-0.48606442844527137,1
46,0,3,1,-0.10457866558193422,1,0,-0.3361452095402864,3
47,1,3,2,-0.10457866558193422,0,0,-0.49210144397164657,3
48,0,3,1,-0.10457866558193422,2,0,-0.211798788405027,2
49,0,3,2,-0.8726457215881294,1,0,-0.28986142383807634,1
50,0,3,1,-1.717519483194944,4,1,0.15058916727371655,1
51,0,3,1,-0.6422256047862709,0,0,-0.49109527471725073,1
52,1,1,2,1.5083621520310757,1,0,0.895993560684828,2
53,1,2,2,-0.027771959981314702,1,0,-0.12484966611715337,1
54,0,1,1,2.737269441640988,0,1,0.5991736306380456,2
55,1,1,1,-0.10457866558193422,0,0,0.06632249221806229,1
56,1,2,2,-0.6422256047862709,0,0,-0.43676213497987365,1
57,0,3,1,-0.06617531278162446,0,0,-0.502581702925434,2
58,1,2,2,-1.8711328943961831,1,2,-0.08963374221329785,1
59,0,3,1,-1.410292660792466,5,2,0.29572908222032107,1
60,0,3,1,-0.5654188991856514,0,0,-0.502581702925434,2
61,1,1,2,0.663488390424261,0,0,0.9618131286303883,4
62,0,1,1,1.2011353296285976,1,0,1.0317418918109011,1
63,0,3,1,-1.9479395999968028,3,2,-0.08661523445011025,1
64,0,1,1,-0.10457866558193422,0,0,-0.09022134505786503,2
65,1,3,1,-0.10457866558193422,1,1,-0.34126057402963506,2
66,1,2,2,-0.027771959981314702,0,0,-0.43676213497987365,1
67,0,3,1,-0.79583901598751,0,0,-0.4838850658402499,1
68,1,3,2,-0.9494524271887489,4,2,-0.48857985158126105,1
69,0,3,1,-0.25819207678317324,2,0,-0.4737388550789219,1
70,0,2,1,0.20264815682054385,0,0,-0.43676213497987365,1
71,0,3,2,-1.0262591327893684,5,2,0.29572908222032107,1
72,0,2,1,-0.6422256047862709,0,0,0.8310111255589249,1
73,0,3,1,-0.25819207678317324,1,0,-0.3571902456652305,2
74,1,3,1,0.20264815682054385,0,0,0.48882906084695926,1
75,0,3,1,-0.33499878238379277,0,0,-0.49411378248043836,1
76,0,3,1,-0.10457866558193422,0,0,-0.4891674544258282,1
77,0,3,1,-0.10457866558193422,0,0,-0.48606442844527137,1
78,1,2,1,-2.1914168567507666,0,2,-0.06447951085340105,1
79,1,3,2,0.04903474561930482,0,0,-0.39701844943123665,1
80,0,3,1,-0.5654188991856514,0,0,-0.4669472126117498,1
81,1,3,1,-0.027771959981314702,0,0,-0.4568855200677911,1
82,1,3,2,-0.10457866558193422,0,0,-0.49134681703084965,3
83,0,1,1,-0.10457866558193422,0,0,0.2997537592379046,1
84,1,2,2,-0.9494524271887489,0,0,-0.43676213497987365,1
85,1,3,2,0.27945486242116335,3,0,-0.32910202475951533,1
86,0,3,1,-1.0262591327893684,1,3,0.043683683994155176,1
87,0,3,1,-0.10457866558193422,0,0,-0.48606442844527137,1
88,1,1,2,-0.48861219358503183,3,2,4.644392599719279,1
89,0,3,1,-0.4118054879844123,0,0,-0.48606442844527137,1
90,0,3,1,-0.027771959981314702,0,0,-0.48606442844527137,1
91,0,3,1,-0.7190323103868904,0,0,-0.4900045872454856,1
92,0,1,1,1.2779420352292172,1,0,0.5829904043503424,1
93,0,3,1,-0.25819207678317324,1,2,-0.23401903021910547,1
94,0,3,1,2.276429208037271,0,0,-0.5021631365156053,1
95,0,3,1,-0.10457866558193422,0,0,-0.48606442844527137,1
96,0,1,1,3.198109675244705,0,0,0.04930213311070178,2
97,1,1,1,-0.48861219358503183,0,1,0.6269257910127927,2
98,1,2,2,0.3562615680217829,0,1,-0.18521982138090567,1
99,0,2,1,0.3562615680217829,1,0,-0.12484966611715337,1
100,0,3,2,-0.10457866558193422,0,0,-0.4891674544258282,1
101,0,3,1,-0.10457866558193422,0,0,-0.4891674544258282,1
102,0,1,1,-0.6422256047862709,0,1,0.907228446579412,1
103,0,3,1,0.27945486242116335,0,0,-0.47390587917515165,1
104,0,3,1,0.5866816848236415,2,0,-0.48857985158126105,1
105,0,3,1,-0.10457866558193422,0,0,-0.4891674544258282,1
106,1,3,2,-0.6422256047862709,0,0,-0.49411378248043836,1
107,1,3,1,-0.10457866558193422,0,0,-0.4915983593444487,1
108,0,3,1,0.663488390424261,0,0,-0.4891674544258282,1
109,1,3,2,-0.10457866558193422,1,0,-0.16207792852980066,3
110,0,1,1,1.3547487408298367,0,0,0.39835834616870003,1
111,0,3,2,-1.1414691911902977,1,0,-0.3571902456652305,2
112,0,3,1,-0.5654188991856514,0,0,-0.48606442844527137,1
113,0,3,2,-0.7190323103868904,1,0,-0.45034541991421795,1
114,0,3,2,-0.9494524271887489,0,0,-0.35710773978637,2
115,0,3,1,-0.6422256047862709,0,0,-0.48857985158126105,1
116,0,3,1,3.1597063224443955,0,0,-0.49210144397164657,3
117,0,2,1,-0.027771959981314702,1,0,-0.22546659155674054,1
118,0,1,1,-0.4118054879844123,0,1,4.332898697266388,2
119,0,3,2,-2.1015530111980416,4,2,-0.01869880977838891,1
120,0,2,1,-0.6422256047862709,2,0,0.8310111255589249,1
121,0,3,1,-0.10457866558193422,0,0,-0.48606442844527137,1
122,0,2,1,0.24105150962085362,1,0,-0.04293139010125909,2
123,1,2,2,0.24105150962085362,0,0,-0.38645367226008004,1
124,0,1,1,1.8923956800341732,0,1,0.907228446579412,1
125,1,3,1,-1.3334859551918465,1,0,-0.4218366202601652,2
126,0,3,1,-0.10457866558193422,0,0,-0.49210144397164657,3
127,1,3,1,-0.4118054879844123,0,0,-0.5043424991206268,1
128,1,3,2,-0.10457866558193422,1,1,-0.1981329975918223,2
129,0,3,1,1.2011353296285976,0,0,-0.5076970674147826,1
130,0,3,1,0.27945486242116335,0,0,-0.4891674544258282,2
131,0,3,1,-0.7190323103868904,0,0,-0.5061878135331888,1
132,0,3,2,1.3547487408298367,1,0,-0.35626859462820387,1
133,1,2,2,-0.027771959981314702,1,0,-0.12484966611715337,1
134,0,2,1,-0.33499878238379277,0,0,-0.38645367226008004,1
135,0,2,1,-0.48861219358503183,0,0,-0.3452852510472186,2
136,1,1,2,-0.79583901598751,0,2,-0.11914871112174634,1
137,0,1,1,0.5866816848236415,1,0,0.4204940697654092,1
138,0,3,1,-1.0262591327893684,0,0,-0.4625864750631981,1
139,0,1,1,-0.4118054879844123,0,0,0.9457144205600544,2
140,0,3,2,-0.10457866558193422,0,2,-0.34126057402963506,2
141,1,3,2,-0.5654188991856514,0,0,-0.49210144397164657,1
142,1,3,2,-0.4118054879844123,1,0,-0.32910202475951533,1
143,0,3,1,-0.79583901598751,0,0,-0.512224829059564,3
144,0,2,1,-0.8726457215881294,0,0,-0.4166387498919562,1
145,0,2,1,-0.79583901598751,1,1,0.0914767235779591,1
146,1,3,1,-0.18138537118255374,0,0,-0.49117979293462,1
147,0,3,2,-1.563906071993705,2,2,0.043683683994155176,1
148,0,2,1,0.5482783320233316,0,2,-0.12484966611715337,1
149,0,2,1,0.970715212826739,0,0,-0.38645367226008004,1
150,0,2,1,1.6619755632323148,0,0,-0.39601228017684087,1
151,1,1,2,-0.5654188991856514,1,0,0.6921597684522944,1
152,0,3,1,2.0076057384351027,0,0,-0.48606442844527137,1
153,0,3,1,0.8555051544258098,0,2,-0.35626859462820387,1
154,0,3,1,-0.10457866558193422,0,0,-0.5009054249476105,1
155,0,1,1,1.6619755632323148,0,1,0.5870995995852952,2
156,1,3,2,-1.0262591327893684,0,0,-0.4924375045026148,3
157,0,3,1,0.04903474561930482,0,0,-0.48606442844527137,1
158,0,3,1,-0.10457866558193422,0,0,-0.4737388550789219,1
159,0,3,1,-0.10457866558193422,8,2,0.751523754461651,1
160,0,3,1,1.1243286240279782,0,1,-0.32407117848753597,1
161,1,2,2,0.8171018016255001,0,0,-0.33111436326830707,1
162,0,3,1,-0.25819207678317324,0,0,-0.4915983593444487,1
163,0,3,1,-0.9494524271887489,0,0,-0.4737388550789219,1
164,0,3,1,-2.1783597167986612,4,1,0.15058916727371655,1
165,1,3,1,-1.563906071993705,0,2,-0.23502519947350137,1
166,1,1,2,-0.10457866558193422,0,1,0.4587285014324523,1
167,0,3,2,1.2011353296285976,1,4,-0.08661523445011025,1
168,0,1,1,-0.10457866558193422,0,0,-0.12635891999874715,1
169,0,3,1,-0.10457866558193422,0,0,0.48882906084695926,1
170,0,1,1,2.43004261923851,0,0,0.026075722042227415,1
171,0,3,1,-1.9479395999968028,4,1,-0.061964087717411374,3
172,1,3,2,-2.1783597167986612,1,1,-0.42401799520369554,1
173,0,3,1,-0.6422256047862709,0,0,-0.48857985158126105,1
174,0,1,1,2.0460090912354123,0,0,-0.03035427442131069,2
175,0,3,1,-0.8726457215881294,1,1,-0.4900045872454856,1
176,0,3,1,-0.10457866558193422,3,1,-0.13558146738453974,1
177,0,1,2,1.5851688576316951,0,0,-0.07026498406617734,2
178,0,2,1,0.04903474561930482,0,0,-0.38645367226008004,1
179,0,3,1,0.5098749792230219,0,0,-0.6480576784030068,1
180,0,3,2,-0.10457866558193422,8,2,0.751523754461651,1
181,0,2,1,-0.10457866558193422,0,0,-0.3452007328298493,2
182,0,3,1,-1.563906071993705,4,2,-0.016434928955998185,1
183,1,2,1,-2.1783597167986612,2,1,0.13675434002577333,1
184,1,3,2,-1.9479395999968028,0,2,-0.2048401218416252,1
185,0,1,1,-0.10457866558193422,0,0,0.35811157599286514,1
186,1,3,2,-0.10457866558193422,1,0,-0.3361452095402864,3
187,1,1,1,1.2011353296285976,0,0,-0.11378180431879875,1
188,0,3,1,0.8171018016255001,1,1,-0.3361452095402864,3
189,0,3,1,0.5098749792230219,0,0,-0.4891674544258282,1
190,1,2,2,0.20264815682054385,0,0,-0.38645367226008004,1
191,0,2,1,-0.79583901598751,0,0,-0.38645367226008004,1
192,1,3,2,-0.79583901598751,1,0,-0.4900045872454856,1
193,1,2,1,-2.0247463055974224,1,1,-0.12484966611715337,1
194,1,1,2,1.1243286240279782,0,0,-0.09022134505786503,2
195,1,1,2,2.1996225024366516,0,0,2.300436803386727,2
196,0,3,1,-0.10457866558193422,0,0,-0.49210144397164657,3
197,0,3,1,0.970715212826739,0,1,-0.478936725447131,1
198,1,3,2,-0.10457866558193422,0,0,-0.49210144397164657,3
199,0,2,2,-0.4118054879844123,0,0,-0.38645367226008004,1
200,0,3,1,-0.10457866558193422,0,0,-0.4568855200677911,1
201,0,3,1,-0.10457866558193422,8,2,0.751523754461651,1
202,0,3,1,0.3562615680217829,0,0,-0.5173401935489127,1
203,0,3,1,1.2395386824289074,0,0,-0.5026662211428032,2
204,1,3,1,-0.8726457215881294,0,0,-0.48606442844527137,1
205,0,3,2,-2.1015530111980416,0,1,-0.43751676192067057,1
206,0,3,1,0.20264815682054385,1,0,-0.32910202475951533,1
207,1,3,1,-0.25819207678317324,0,0,-0.26998958106375787,2
208,1,3,2,-1.0262591327893684,0,0,-0.49210144397164657,3
209,1,1,1,0.8171018016255001,0,0,-0.024232740677566176,2
210,0,3,1,-0.4118054879844123,0,0,-0.5061878135331888,1
211,1,2,2,0.4330682736224024,0,0,-0.22546659155674054,1
212,0,3,1,-0.5654188991856514,0,0,-0.5021631365156053,1
213,0,2,1,0.04903474561930482,0,0,-0.38645367226008004,1
214,0,3,1,-0.10457866558193422,1,0,-0.49210144397164657,3
215,1,1,2,0.12584145121992435,1,0,1.6314187674308411,2
216,1,3,2,-0.18138537118255374,0,0,-0.48857985158126105,1
217,0,2,1,0.970715212826739,1,0,-0.10472628102923592,1
218,1,1,2,0.20264815682054385,0,0,0.8871895797088641,2
219,0,2,1,0.04903474561930482,0,0,-0.43676213497987365,1
220,1,3,1,-1.0262591327893684,0,0,-0.48606442844527137,1
221,0,2,1,-0.18138537118255374,0,0,-0.38645367226008004,1
222,0,3,1,1.6619755632323148,0,0,-0.48606442844527137,1
223,0,3,1,-0.10457866558193422,0,0,-0.4891674544258282,1
224,1,1,1,0.663488390424261,1,0,1.1630469795095626,1
225,0,3,1,-0.5654188991856514,0,0,-0.45990402783097867,1
226,1,2,1,-0.79583901598751,0,0,-0.43676213497987365,1
227,0,3,1,-0.6806289575865806,0,0,-0.5021631365156053,1
228,0,2,1,-0.8726457215881294,0,0,-0.38645367226008004,1
229,0,3,2,-0.10457866558193422,3,1,-0.13558146738453974,1
230,1,1,2,0.4330682736224024,1,0,1.0317418918109011,1
231,0,3,1,-0.027771959981314702,0,0,-0.4915983593444487,1
232,0,2,1,2.276429208037271,0,0,-0.3763919797161213,1
233,1,3,2,-1.8711328943961831,4,2,-0.016434928955998185,1
234,0,2,1,-0.4118054879844123,0,0,-0.43676213497987365,1
235,0,3,2,-0.10457866558193422,0,0,-0.4961261209892301,1
236,0,2,1,1.1243286240279782,1,0,-0.12484966611715337,1
237,1,2,2,-1.6407127775943247,0,2,-0.11981881984517401,1
238,0,2,1,-0.79583901598751,0,0,-0.43676213497987365,1
239,0,2,1,0.27945486242116335,0,0,-0.40104312644882023,1
240,0,3,2,-0.10457866558193422,1,0,-0.3571902456652305,2
241,1,3,2,-0.10457866558193422,1,0,-0.3361452095402864,3
242,0,2,1,-0.027771959981314702,0,0,-0.43676213497987365,1
243,0,3,1,-0.5654188991856514,0,0,-0.504678559651595,1
244,0,3,1,0.04903474561930482,0,0,-0.5026662211428032,2
245,0,1,1,1.1243286240279782,2,0,1.1630469795095626,3
246,0,3,2,-0.33499878238379277,0,0,-0.4915983593444487,1
247,1,2,2,-0.4118054879844123,0,2,-0.35626859462820387,1
248,1,1,1,0.5866816848236415,1,1,0.40951072618442386,1
249,0,2,1,1.8923956800341732,1,0,-0.12484966611715337,1
250,0,3,1,-0.10457866558193422,0,0,-0.5021631365156053,1
251,0,3,2,-0.027771959981314702,1,1,-0.43751676192067057,1
252,0,1,1,2.5068493248391293,0,0,-0.11378180431879875,1
253,0,3,1,0.04903474561930482,1,0,-0.32407117848753597,1
254,0,3,2,0.8939085072261196,0,2,-0.24131375731347557,1
255,1,3,2,-0.027771959981314702,0,2,-0.34126057402963506,2
256,1,1,2,-0.10457866558193422,0,0,0.9457144205600544,2
257,1,1,2,0.04903474561930482,0,0,1.0926151317018515,1
258,1,1,2,0.4330682736224024,0,0,9.661740104981664,2
259,1,2,2,1.5851688576316951,0,1,-0.12484966611715337,1
260,0,3,1,-0.10457866558193422,0,0,-0.49210144397164657,3
261,1,3,1,-2.0247463055974224,4,2,-0.016434928955998185,1
262,0,1,1,1.7387822688329342,1,1,0.9547699438496172,1
263,0,1,1,0.8171018016255001,0,0,-0.6480576784030068,1
264,0,3,2,-0.10457866558193422,0,0,-0.49210144397164657,3
265,0,2,1,0.5098749792230219,0,0,-0.43676213497987365,1
266,0,3,1,-1.0262591327893684,4,1,0.15058916727371655,1
267,1,3,1,-0.33499878238379277,1,0,-0.4915983593444487,1
268,1,1,2,2.1996225024366516,0,1,2.440127305651523,1
269,1,1,2,0.4330682736224024,0,0,2.081343448242025,1
270,0,1,1,-0.10457866558193422,0,0,-0.024232740677566176,1
271,1,3,1,-0.33499878238379277,0,0,-0.6480576784030068,1
272,1,2,2,0.8939085072261196,0,1,-0.2556516691886167,1
273,0,1,1,0.5866816848236415,0,1,-0.05039314129185886,2
274,1,3,2,-0.10457866558193422,0,0,-0.49210144397164657,3
275,1,1,2,2.583656030439749,1,0,0.9207272132963871,1
276,0,3,2,1.2011353296285976,0,0,-0.49210144397164657,1
277,0,2,1,-0.10457866558193422,0,0,-0.6480576784030068,1
278,0,3,1,-1.717519483194944,4,1,-0.061964087717411374,3
279,1,3,2,0.4330682736224024,1,1,-0.24055913037267862,1
280,0,3,1,2.737269441640988,0,0,-0.49210144397164657,3
281,0,3,1,-0.10457866558193422,0,0,-0.4900045872454856,1
282,0,3,1,-1.0262591327893684,0,0,-0.4568855200677911,1
283,1,3,1,-0.79583901598751,0,0,-0.48606442844527137,1
284,0,1,1,-0.10457866558193422,0,0,-0.12484966611715337,1
285,0,3,1,0.27945486242116335,0,0,-0.4737388550789219,2
286,1,3,1,0.04903474561930482,0,0,-0.4568855200677911,1
287,0,3,1,-0.5654188991856514,0,0,-0.4891674544258282,1
288,1,2,1,0.970715212826739,0,0,-0.38645367226008004,1
289,1,3,2,-0.5654188991856514,0,0,-0.49210144397164657,3
290,1,1,2,-0.25819207678317324,0,0,0.938671235779283,1
291,1,1,2,-0.79583901598751,1,0,1.1847641366964432,2
292,0,2,1,0.5098749792230219,0,0,-0.3889690953960697,2
293,0,3,2,-0.4118054879844123,0,0,-0.4699657203749374,1
294,0,3,1,-0.4118054879844123,0,0,-0.4891674544258282,1
295,0,1,1,-0.10457866558193422,0,0,-0.09022134505786503,2
296,0,3,1,-0.45020884078472206,0,0,-0.502581702925434,2
297,0,1,2,-2.1015530111980416,1,2,2.401641331670881,1
298,1,1,1,-0.10457866558193422,0,0,-0.034294433221524895,1
299,1,1,2,1.5851688576316951,0,1,4.332898697266388,2
300,1,3,2,-0.10457866558193422,0,0,-0.49210144397164657,3
301,1,3,1,-0.10457866558193422,2,0,-0.1801889751089263,3
302,0,3,1,-0.79583901598751,0,0,-0.6480576784030068,1
303,1,2,2,-0.10457866558193422,0,0,-0.39953387256722633,3
304,0,3,1,-0.10457866558193422,0,0,-0.48606442844527137,1
305,1,1,1,-2.1845042532467107,1,2,2.401641331670881,1
306,1,1,2,-0.10457866558193422,0,0,1.583289667316069,2
307,1,1,2,-0.9494524271887489,1,0,1.5433789576712023,2
308,0,2,1,0.04903474561930482,1,0,-0.16509643629298823,2
309,1,1,2,0.04903474561930482,0,0,0.4975505359440627,2
310,1,1,2,-0.4118054879844123,0,0,1.0253688157535579,2
311,1,1,2,-0.8726457215881294,2,2,4.631815484039331,2
312,0,2,2,-0.25819207678317324,1,1,-0.12484966611715337,1
313,0,3,1,-0.10457866558193422,0,0,-0.4891674544258282,1
314,0,2,1,1.0475219184273585,1,1,-0.11981881984517401,1
315,1,3,2,-0.25819207678317324,0,0,-0.4900045872454856,1
316,1,2,2,-0.4118054879844123,1,0,-0.12484966611715337,1
317,0,2,1,1.8923956800341732,0,0,-0.3663302871721626,1
318,1,1,2,0.12584145121992435,0,2,2.669618413871151,1
319,1,1,2,0.8171018016255001,1,1,2.0585376159218884,2
320,0,3,1,-0.5654188991856514,0,0,-0.5021631365156053,1
321,0,3,1,-0.18138537118255374,0,0,-0.4891674544258282,1
322,1,2,2,0.04903474561930482,0,0,-0.39953387256722633,3
323,1,2,2,-0.5654188991856514,1,1,-0.06447951085340105,1
324,0,3,1,-0.10457866558193422,8,2,0.751523754461651,1
325,1,1,2,0.5098749792230219,0,0,2.081343448242025,2
326,0,3,1,2.43004261923851,0,0,-0.5225380639171217,1
327,1,2,2,0.5098749792230219,0,0,-0.38645367226008004,1
328,1,3,2,0.12584145121992435,1,1,-0.23502519947350137,1
329,1,1,2,-1.0262591327893684,0,1,0.518680090286376,2
330,1,3,2,-0.10457866558193422,2,0,-0.1801889751089263,3
331,0,1,1,1.2395386824289074,0,0,-0.07454120339735977,1
332,0,1,1,0.663488390424261,0,1,2.440127305651523,1
333,0,3,1,-1.0262591327893684,2,0,-0.28583674682049287,1
334,1,1,2,-0.10457866558193422,1,0,2.041432738597159,1
335,0,3,1,-0.10457866558193422,0,0,-0.4891674544258282,1
336,0,1,1,-0.027771959981314702,1,0,0.6921597684522944,1
337,1,1,2,0.8939085072261196,0,0,2.0585376159218884,2
338,1,3,1,1.2011353296285976,0,0,-0.48606442844527137,1
339,0,1,1,1.2011353296285976,0,0,0.06632249221806229,1
340,1,2,1,-2.1015530111980416,1,1,-0.12484966611715337,1
341,1,1,2,-0.4118054879844123,3,2,4.644392599719279,1
342,0,2,1,-0.10457866558193422,0,0,-0.38645367226008004,1
343,0,2,1,-0.33499878238379277,0,0,-0.38645367226008004,1
344,0,2,1,0.5098749792230219,0,0,-0.38645367226008004,1
345,1,2,2,-0.4118054879844123,0,0,-0.38645367226008004,1
346,1,2,2,0.8171018016255001,0,0,-0.38645367226008004,1
347,1,3,2,-0.10457866558193422,1,0,-0.32407117848753597,1
348,1,3,1,-2.0247463055974224,1,1,-0.3280958555051195,1
349,0,3,1,0.970715212826739,0,0,-0.4737388550789219,1
350,0,3,1,-0.48861219358503183,0,0,-0.46241945096696835,1
351,0,1,1,-0.10457866558193422,0,0,0.05626079967410357,1
352,0,3,1,-1.103065838389988,1,1,-0.502581702925434,2
353,0,3,1,-0.33499878238379277,1,0,-0.28986142383807634,1
354,0,3,1,-0.10457866558193422,0,0,-0.5026662211428032,2
355,0,3,1,-0.10457866558193422,0,0,-0.4568855200677911,1
356,1,1,2,-0.5654188991856514,0,1,0.4587285014324523,1
357,0,2,2,0.663488390424261,0,0,-0.38645367226008004,1
358,1,3,2,-0.10457866558193422,0,0,-0.4895015026182876,3
359,1,3,2,-0.10457866558193422,0,0,-0.4895015026182876,3
360,0,3,1,0.8171018016255001,1,4,-0.08661523445011025,1
361,0,2,1,-0.027771959981314702,1,0,-0.09022134505786503,2
362,0,3,2,1.2011353296285976,0,1,-0.3571902456652305,2
363,0,3,1,0.4330682736224024,0,0,-0.5061878135331888,1
364,0,3,1,-0.10457866558193422,1,0,-0.3361452095402864,3
365,0,3,1,0.04903474561930482,0,0,-0.5021631365156053,1
366,1,1,2,2.3532359136378904,1,0,0.8662270494627804,2
367,1,3,2,-0.10457866558193422,0,0,-0.502581702925434,2
368,1,3,2,-0.10457866558193422,0,0,-0.49210144397164657,3
369,1,1,2,-0.4118054879844123,0,0,0.7464929081896716,2
370,1,1,1,-0.33499878238379277,1,0,0.4676170006257854,2
371,0,3,1,-0.8726457215881294,1,0,-0.5173401935489127,1
372,0,3,1,-0.79583901598751,0,0,-0.48606442844527137,1
373,0,1,1,-0.5654188991856514,0,0,2.081343448242025,2
374,0,3,2,-2.0247463055974224,3,1,-0.22395733767514675,1
375,1,1,2,-0.10457866558193422,1,0,1.0054969729792393,2
376,1,3,2,-0.5654188991856514,0,0,-0.5021631365156053,1
377,0,1,1,-0.18138537118255374,0,2,3.6080382676915317,2
378,0,3,1,-0.7190323103868904,0,0,-0.5673125957377381,2
379,0,3,1,-0.79583901598751,0,0,-0.4915983593444487,1
380,1,1,2,0.970715212826739,0,0,3.930515513725408,2
381,1,3,2,-2.1783597167986612,0,2,-0.3312813873645368,2
382,0,3,1,0.20264815682054385,0,0,-0.48857985158126105,1
383,1,1,2,0.4330682736224024,1,0,0.39835834616870003,1
384,0,3,1,-0.10457866558193422,0,0,-0.4891674544258282,1
385,0,2,1,-0.8726457215881294,0,0,0.8310111255589249,1
386,0,3,1,-2.1783597167986612,5,2,0.29572908222032107,1
387,1,2,2,0.5098749792230219,0,0,-0.38645367226008004,1
388,0,3,1,-0.10457866558193422,0,0,-0.4925200103814753,3
389,1,2,2,-0.9494524271887489,0,0,-0.4065770573479975,2
390,1,1,1,0.5098749792230219,1,2,1.7667485321470857,1
391,1,3,1,-0.6422256047862709,0,0,-0.49117979293462,1
392,0,3,1,-0.10457866558193422,2,0,-0.48857985158126105,1
393,1,1,2,-0.48861219358503183,1,0,1.6314187674308411,2
394,1,3,2,-0.4118054879844123,0,2,-0.3119971474347855,1
395,0,3,1,-0.5654188991856514,0,0,-0.49117979293462,1
396,0,3,2,0.12584145121992435,0,0,-0.4900045872454856,1
397,0,2,1,1.2779420352292172,0,0,-0.12484966611715337,1
398,0,2,1,-0.48861219358503183,0,0,-0.43676213497987365,1
399,1,2,2,-0.10457866558193422,0,0,-0.3934968570408512,1
400,1,3,1,0.7402950960248805,0,0,-0.48857985158126105,1
401,0,3,1,-0.25819207678317324,0,0,-0.48606442844527137,1
402,0,3,2,-0.6422256047862709,1,0,-0.45034541991421795,1
403,0,3,1,-0.10457866558193422,1,0,-0.32910202475951533,1
404,0,3,2,-0.7190323103868904,0,0,-0.4737388550789219,1
405,0,2,1,0.3562615680217829,1,0,-0.22546659155674054,1
406,0,3,1,1.6619755632323148,0,0,-0.49210144397164657,1
407,1,2,1,-2.0247463055974224,1,1,-0.2707442080045548,1
408,0,3,1,-0.6422256047862709,0,0,-0.4915983593444487,1
409,0,3,2,-0.10457866558193422,3,1,-0.13558146738453974,1
410,0,3,1,-0.10457866558193422,0,0,-0.4891674544258282,1
411,0,3,1,-0.10457866558193422,0,0,-0.5100454664545425,3
412,1,1,2,0.27945486242116335,1,0,1.1630469795095626,3
413,0,2,1,-0.10457866558193422,0,0,-0.6480576784030068,1
414,1,3,1,1.1243286240279782,0,0,-0.48857985158126105,1
415,0,3,2,-0.10457866558193422,0,0,-0.48606442844527137,1
416,1,2,2,0.3562615680217829,1,1,0.005952336954309979,1
417,1,2,2,-0.8726457215881294,0,2,-0.38645367226008004,1
418,0,2,1,0.04903474561930482,0,0,-0.38645367226008004,1
419,0,3,2,-1.4870993663930856,0,2,-0.16207792852980066,1
420,0,3,1,-0.10457866558193422,0,0,-0.4891674544258282,2
421,0,3,1,-0.6422256047862709,0,0,-0.4924375045026148,3
422,0,3,1,-0.027771959981314702,0,0,-0.4895860208356569,1
423,0,3,2,-0.10457866558193422,1,1,-0.35828093313699566,1
424,0,3,1,-0.8726457215881294,1,1,-0.24131375731347557,1
425,0,3,1,-0.10457866558193422,0,0,-0.5021631365156053,1
426,1,2,2,-0.10457866558193422,1,0,-0.12484966611715337,1
427,1,2,2,-0.79583901598751,0,0,-0.12484966611715337,1
428,0,3,1,-0.10457866558193422,0,0,-0.49210144397164657,3
429,1,3,1,0.20264815682054385,0,0,-0.48606442844527137,1
430,1,1,1,-0.10457866558193422,0,0,-0.11378180431879875,1
431,1,3,2,-0.10457866558193422,1,0,-0.32407117848753597,1
432,1,2,2,0.970715212826739,1,0,-0.12484966611715337,1
433,0,3,1,-0.9494524271887489,0,0,-0.504678559651595,1
434,0,1,1,1.5851688576316951,1,0,0.47683954801157796,1
435,1,1,2,-1.1798725439906075,1,2,1.7667485321470857,1
436,0,3,2,-0.6422256047862709,2,2,0.043683683994155176,1
437,1,2,2,-0.4118054879844123,2,3,-0.2707442080045548,1
438,0,1,1,2.6604627360403685,1,4,4.644392599719279,1
439,0,2,1,0.12584145121992435,0,0,-0.43676213497987365,1
440,1,2,2,1.2011353296285976,1,1,-0.11981881984517401,1
441,0,3,1,-0.7190323103868904,0,0,-0.4568855200677911,1
442,0,3,1,-0.33499878238379277,1,0,-0.4915983593444487,1
443,1,2,2,-0.10457866558193422,0,0,-0.38645367226008004,1
444,1,3,1,-0.10457866558193422,0,0,-0.4848067168772765,1
445,1,1,1,-1.9479395999968028,0,2,0.9992084151392652,1
446,1,2,2,-1.2566792495912271,0,1,-0.2556516691886167,1
447,1,1,1,0.3562615680217829,0,0,-0.11378180431879875,1
448,1,3,2,-1.8711328943961831,2,1,-0.26051549136436636,2
449,1,1,1,1.7387822688329342,0,0,-0.034294433221524895,1
450,0,2,1,0.5098749792230219,1,2,-0.08963374221329785,1
451,0,3,1,-0.10457866558193422,1,0,-0.24626008536808563,1
452,0,1,1,0.04903474561930482,0,0,-0.08963374221329785,2
453,1,1,1,1.5083621520310757,1,0,1.1450204511478064,2
454,0,3,1,-0.10457866558193422,0,0,-0.48606442844527137,1
455,1,3,1,-0.027771959981314702,0,0,-0.4891674544258282,2
456,0,1,1,2.737269441640988,0,0,-0.11378180431879875,1
457,1,1,2,-0.10457866558193422,1,0,0.3955913807191113,1
458,1,2,2,1.5851688576316951,0,0,-0.43676213497987365,1
459,0,3,1,-0.10457866558193422,0,0,-0.49210144397164657,3
460,1,1,1,1.431555446430456,0,0,-0.11378180431879875,1
461,0,3,1,0.3562615680217829,0,0,-0.48606442844527137,1
462,0,1,1,1.3547487408298367,0,0,0.1266926474818146,1
463,0,2,1,1.431555446430456,0,0,-0.38645367226008004,1
464,0,3,1,-0.10457866558193422,0,0,-0.48606442844527137,1
465,0,3,1,0.663488390424261,0,0,-0.5061878135331888,1
466,0,2,1,-0.10457866558193422,0,0,-0.6480576784030068,1
467,0,1,1,2.0460090912354123,0,0,-0.11378180431879875,1
468,0,3,1,-0.10457866558193422,0,0,-0.4926045285988445,3
469,1,3,2,-2.197561393198816,2,1,-0.26051549136436636,2
470,0,3,1,-0.10457866558193422,0,0,-0.5021631365156053,1
471,0,3,1,0.663488390424261,0,0,-0.4737388550789219,1
472,1,2,2,0.27945486242116335,1,2,-0.08963374221329785,1
473,1,2,2,-0.48861219358503183,0,0,-0.3705219882859758,2
474,0,3,2,-0.5654188991856514,0,0,-0.450093877600619,1
475,0,1,1,-0.10457866558193422,0,0,0.39835834616870003,1
476,0,2,1,0.3562615680217829,1,0,-0.22546659155674054,1
477,0,3,1,-0.027771959981314702,1,0,-0.5062723317505581,1
478,0,3,1,-0.5654188991856514,0,0,-0.49671372383379725,1
479,1,3,2,-2.1015530111980416,0,1,-0.4007915841352212,1
480,0,3,1,-1.563906071993705,5,2,0.29572908222032107,1
481,0,2,1,-0.10457866558193422,0,0,-0.6480576784030068,1
482,0,3,1,1.5851688576316951,0,0,-0.48606442844527137,1
483,1,3,2,2.583656030439749,0,0,-0.45512472387259834,1
484,1,1,1,-0.33499878238379277,1,0,1.1847641366964432,2
485,0,3,2,-0.10457866558193422,3,1,-0.13558146738453974,1
486,1,1,2,0.4330682736224024,1,0,1.1630469795095626,1
487,0,1,1,2.1996225024366516,0,0,-0.05039314129185886,2
488,0,3,1,0.04903474561930482,0,0,-0.48606442844527137,1
489,1,3,1,-1.563906071993705,1,1,-0.3280958555051195,1
490,0,3,1,-0.10457866558193422,1,0,-0.24626008536808563,1
491,0,3,1,-0.6422256047862709,0,0,-0.5021631365156053,1
492,0,1,1,1.9692023856347929,0,0,-0.034294433221524895,1
493,0,1,1,3.198109675244705,0,0,0.34813440166627563,2
494,0,3,1,-0.6422256047862709,0,0,-0.48606442844527137,1
495,0,3,1,-0.10457866558193422,0,0,-0.35710773978637,2
496,1,1,2,1.8923956800341732,1,0,0.926933265257501,2
497,0,3,1,-0.10457866558193422,0,0,-0.3441945635754534,1
498,0,1,2,-0.33499878238379277,1,2,2.401641331670881,1
499,0,3,1,-0.4118054879844123,0,0,-0.49117979293462,1
500,0,3,1,-0.9494524271887489,0,0,-0.4737388550789219,1
501,0,3,2,-0.6422256047862709,0,0,-0.49210144397164657,3
502,0,3,2,-0.10457866558193422,0,0,-0.494532348890267,3
503,0,3,2,0.5866816848236415,0,0,-0.45512472387259834,1
504,1,1,2,-1.0262591327893684,0,0,1.0926151317018515,1
505,0,1,1,-0.8726457215881294,1,0,1.5433789576712023,2
506,1,2,2,0.27945486242116335,0,2,-0.12484966611715337,1
507,1,1,1,-0.10457866558193422,0,0,-0.11378180431879875,1
508,0,3,1,-0.10457866558193422,0,0,-0.19477842929766648,1
509,1,3,1,-0.25819207678317324,0,0,0.48882906084695926,1
510,1,3,1,-0.027771959981314702,0,0,-0.49210144397164657,3
511,0,3,1,-0.10457866558193422,0,0,-0.48606442844527137,1
512,1,1,1,0.5098749792230219,0,0,-0.11906419290437707,1
513,1,1,2,1.8923956800341732,1,0,0.547271395819289,2
514,0,3,1,-0.4118054879844123,0,0,-0.4972168084609952,1
515,0,1,1,1.3547487408298367,0,0,0.03655598099601484,1
516,1,2,2,0.3562615680217829,0,0,-0.43676213497987365,1
517,0,3,1,-0.10457866558193422,0,0,-0.16207792852980066,3
518,1,2,2,0.5098749792230219,1,0,-0.12484966611715337,1
519,0,3,1,0.20264815682054385,0,0,-0.4891674544258282,1
520,1,1,2,0.04903474561930482,0,0,1.2334788273172737,1
521,0,3,1,-0.5654188991856514,0,0,-0.4891674544258282,1
522,0,3,1,-0.10457866558193422,0,0,-0.5026662211428032,2
523,1,1,2,1.1243286240279782,0,1,0.518680090286376,2
524,0,3,1,-0.10457866558193422,0,0,-0.502581702925434,2
525,0,3,1,0.8555051544258098,0,0,-0.49210144397164657,3
526,1,2,2,1.5851688576316951,0,0,-0.43676213497987365,1
527,0,1,1,-0.10457866558193422,0,0,3.8148905676872524,1
528,0,3,1,0.7402950960248805,0,0,-0.48857985158126105,1
529,0,2,1,-0.48861219358503183,2,1,-0.4166387498919562,1
530,1,2,2,-2.1015530111980416,1,1,-0.12484966611715337,1
531,0,3,1,-0.10457866558193422,0,0,-0.502581702925434,2
532,0,3,1,-0.9494524271887489,1,1,-0.502581702925434,2
533,1,3,2,-0.10457866558193422,0,2,-0.1981329975918223,2
534,0,3,2,0.04903474561930482,0,0,-0.4737388550789219,1
535,1,2,2,-1.717519483194944,0,2,-0.11981881984517401,1
536,0,1,1,1.2011353296285976,0,0,-0.11378180431879875,1
537,1,1,2,0.04903474561930482,0,0,1.4935735795786065,2
538,0,3,1,-0.10457866558193422,0,0,-0.35626859462820387,1
539,1,1,2,-0.5654188991856514,0,2,0.3480498834489064,2
540,1,1,2,0.5098749792230219,0,2,0.7807026628391313,1
541,0,3,2,-1.563906071993705,4,2,-0.01869880977838891,1
542,0,3,2,-1.410292660792466,4,2,-0.01869880977838891,1
543,1,2,1,0.20264815682054385,1,0,-0.12484966611715337,1
544,0,1,1,1.5851688576316951,1,0,1.4935735795786065,2
545,0,1,1,2.6604627360403685,0,0,-0.12484966611715337,1
546,1,2,2,-0.79583901598751,1,0,-0.12484966611715337,1
547,1,2,1,-0.10457866558193422,0,0,-0.36909725262175125,2
548,0,3,1,0.27945486242116335,1,1,-0.23502519947350137,1
549,1,2,1,-1.6407127775943247,1,1,0.0914767235779591,1
550,1,1,1,-0.9494524271887489,0,2,1.583289667316069,2
551,0,2,1,-0.18138537118255374,0,0,-0.12484966611715337,1
552,0,3,1,-0.10457866558193422,0,0,-0.4905076718726835,3
553,1,3,1,-0.5654188991856514,0,0,-0.5026662211428032,2
554,1,3,2,-0.5654188991856514,0,0,-0.4915983593444487,1
555,0,1,1,2.5068493248391293,0,0,-0.11378180431879875,1
556,1,1,2,1.431555446430456,1,0,0.1488283710785238,2
557,0,1,1,-0.10457866558193422,0,0,3.930515513725408,2
558,1,1,2,0.7402950960248805,1,1,0.9547699438496172,1
559,1,3,2,0.5098749792230219,1,0,-0.2979107778732433,1
560,0,3,1,-0.10457866558193422,0,0,-0.49210144397164657,3
561,0,3,1,0.8171018016255001,0,0,-0.4891674544258282,1
562,0,2,1,-0.10457866558193422,0,0,-0.3763919797161213,1
563,0,3,1,-0.10457866558193422,0,0,-0.48606442844527137,1
564,0,3,2,-0.10457866558193422,0,0,-0.48606442844527137,1
565,0,3,1,-0.4118054879844123,2,0,-0.16207792852980066,1
566,0,3,1,-0.79583901598751,0,0,-0.4891674544258282,1
567,0,3,2,-0.027771959981314702,0,4,-0.22395733767514675,1
568,0,3,1,-0.10457866558193422,0,0,-0.502581702925434,2
569,1,3,1,0.20264815682054385,0,0,-0.4900045872454856,1
570,1,2,1,2.5068493248391293,0,0,-0.43676213497987365,1
571,1,1,2,1.8155889744335538,2,0,0.38787808721491257,1
572,1,1,1,0.5098749792230219,0,0,-0.11705185439558537,1
573,1,3,2,-0.10457866558193422,0,0,-0.49210144397164657,3
574,0,3,1,-1.0262591327893684,0,0,-0.48606442844527137,1
575,0,3,1,-0.79583901598751,0,0,-0.35626859462820387,1
576,1,2,2,0.3562615680217829,0,0,-0.38645367226008004,1
577,1,1,2,0.7402950960248805,1,0,0.47683954801157796,1
578,0,3,2,-0.10457866558193422,1,0,-0.35710773978637,2
579,1,3,1,0.20264815682054385,0,0,-0.48857985158126105,1
580,1,2,2,-0.33499878238379277,1,1,-0.04435612576548362,1
581,1,1,2,0.7402950960248805,1,1,1.583289667316069,2
582,0,2,1,1.8923956800341732,0,0,-0.12484966611715337,1
583,0,1,1,0.5098749792230219,0,0,0.15939314824968043,2
584,0,3,1,-0.10457866558193422,0,0,-0.4727326858245261,2
585,1,1,2,-0.8726457215881294,0,2,0.9547699438496172,1
586,0,2,1,1.3547487408298367,0,0,-0.34620690208424515,1
587,1,1,1,2.3532359136378904,1,1,0.9457144205600544,2
588,0,3,1,-0.5654188991856514,0,0,-0.48606442844527137,1
589,0,3,1,-0.10457866558193422,0,0,-0.48606442844527137,1
590,0,3,1,0.4330682736224024,0,0,-0.504678559651595,1
591,1,1,2,1.7387822688329342,1,0,0.926933265257501,2
592,0,3,1,1.3547487408298367,0,0,-0.5021631365156053,1
593,0,3,2,-0.10457866558193422,0,2,-0.49210144397164657,3
594,0,2,1,0.5866816848236415,1,0,-0.12484966611715337,1
595,0,3,1,0.5098749792230219,1,1,-0.16207792852980066,1
596,1,2,2,-0.10457866558193422,0,0,0.016014029498268696,1
597,0,3,1,1.5083621520310757,0,0,-0.6480576784030068,1
598,0,3,1,-0.10457866558193422,0,0,-0.5026662211428032,2
599,1,1,1,1.5083621520310757,1,0,0.4975505359440627,2
600,1,2,2,-0.4118054879844123,2,1,-0.10472628102923592,1
601,0,3,1,-0.10457866558193422,0,0,-0.4891674544258282,1
602,0,1,1,-0.10457866558193422,0,0,0.20517384932469257,1
603,0,3,1,1.1243286240279782,0,0,-0.48606442844527137,1
604,1,1,1,0.4330682736224024,0,0,-0.11378180431879875,2
605,0,3,1,0.5098749792230219,1,0,-0.3351390402858906,1
606,0,3,1,0.04903474561930482,0,0,-0.4891674544258282,1
607,1,1,1,-0.18138537118255374,0,0,-0.034294433221524895,1
608,1,2,2,-0.5654188991856514,1,2,0.18865657484452997,2
609,1,1,2,0.8171018016255001,0,0,2.440127305651523,1
610,0,3,2,0.7402950960248805,1,5,-0.01869880977838891,1
611,0,3,1,-0.10457866558193422,0,0,-0.5061878135331888,1
612,1,3,2,-0.10457866558193422,1,0,-0.3361452095402864,3
613,0,3,1,-0.10457866558193422,0,0,-0.49210144397164657,3
614,0,3,1,0.4330682736224024,0,0,-0.48606442844527137,1
615,1,2,2,-0.4118054879844123,1,2,0.6599623523116267,1
616,0,3,1,0.3562615680217829,1,1,-0.35828093313699566,1
617,0,3,2,-0.25819207678317324,1,0,-0.32407117848753597,1
618,1,2,2,-1.9479395999968028,2,1,0.13675434002577333,1
619,0,2,1,-0.25819207678317324,0,0,-0.43676213497987365,1
620,0,3,1,-0.18138537118255374,1,0,-0.3571902456652305,2
621,1,1,1,0.970715212826739,1,0,0.40951072618442386,1
622,1,3,1,-0.7190323103868904,1,1,-0.3312813873645368,2
623,0,3,1,-0.6422256047862709,0,0,-0.4900045872454856,1
624,0,3,1,-0.6422256047862709,0,0,-0.32407117848753597,1
625,0,1,1,2.43004261923851,0,0,0.002346226346555142,1
626,0,2,1,2.122815796836032,0,0,-0.39953387256722633,3
627,1,1,2,-0.6422256047862709,0,0,0.9207272132963871,1
628,0,3,1,-0.25819207678317324,0,0,-0.4891674544258282,1
629,0,3,1,-0.10457866558193422,0,0,-0.4924375045026148,3
630,1,1,1,3.889370025650281,0,0,-0.04435612576548362,1
631,0,3,1,1.6619755632323148,0,0,-0.5061032953158195,1
632,1,1,1,0.20264815682054385,0,0,-0.034294433221524895,2
633,0,1,1,-0.10457866558193422,0,0,-0.6480576784030068,1
634,0,3,2,-1.563906071993705,3,2,-0.08661523445011025,1
635,1,2,2,-0.10457866558193422,0,0,-0.38645367226008004,1
636,0,3,1,0.20264815682054385,0,0,-0.48857985158126105,1
637,0,2,1,0.12584145121992435,1,1,-0.11981881984517401,1
638,0,3,2,0.8939085072261196,0,5,0.15058916727371655,1
639,0,3,1,-0.10457866558193422,1,0,-0.32407117848753597,1
640,0,3,1,-0.7190323103868904,0,0,-0.4900045872454856,1
641,1,1,2,-0.4118054879844123,0,0,0.7464929081896716,2
642,0,3,2,-2.1015530111980416,3,2,-0.08661523445011025,1
643,1,3,1,-0.10457866558193422,0,0,0.48882906084695926,1
644,1,3,2,-2.197561393198816,2,1,-0.26051549136436636,2
645,1,1,1,1.431555446430456,1,0,0.895993560684828,2
646,0,3,1,-0.79583901598751,0,0,-0.4891674544258282,1
647,1,1,1,2.0460090912354123,0,0,0.06632249221806229,2
648,0,3,1,-0.10457866558193422,0,0,-0.4961261209892301,1
649,1,3,2,-0.48861219358503183,0,0,-0.4961261209892301,1
650,0,3,1,-0.10457866558193422,0,0,-0.4891674544258282,1
651,1,2,2,-0.8726457215881294,0,1,-0.18521982138090567,1
652,0,3,1,-0.6422256047862709,0,0,-0.4783511349410726,1
653,1,3,2,-0.10457866558193422,0,0,-0.4905076718726835,3
654,0,3,2,-0.8726457215881294,0,0,-0.512224829059564,3
655,0,2,1,-0.4118054879844123,2,0,0.8310111255589249,1
656,0,3,1,-0.10457866558193422,0,0,-0.4891674544258282,1
657,0,3,2,0.20264815682054385,1,1,-0.3361452095402864,3
658,0,2,1,-0.48861219358503183,0,0,-0.38645367226008004,1
659,0,1,1,2.1996225024366516,0,2,1.6314187674308411,2
660,1,1,1,1.5851688576316951,2,0,2.041432738597159,1
661,0,3,1,0.8171018016255001,0,0,-0.5026662211428032,2
662,0,1,1,1.3547487408298367,0,0,-0.13315056246591933,1
663,0,3,1,0.5098749792230219,0,0,-0.4972168084609952,1
664,1,3,1,-0.7190323103868904,1,0,-0.48857985158126105,1
665,0,2,1,0.20264815682054385,2,0,0.8310111255589249,1
666,0,2,1,-0.33499878238379277,0,0,-0.38645367226008004,1
667,0,3,1,-0.10457866558193422,0,0,-0.4915983593444487,1
668,0,3,1,1.0475219184273585,0,0,-0.48606442844527137,1
669,1,1,2,-0.10457866558193422,1,0,0.39835834616870003,1
670,1,2,2,0.8171018016255001,1,1,0.13675434002577333,1
671,0,1,1,0.12584145121992435,1,0,0.39835834616870003,1
672,0,2,1,3.1213029696440855,0,0,-0.43676213497987365,1
673,1,2,1,0.12584145121992435,0,0,-0.38645367226008004,1
674,0,2,1,-0.10457866558193422,0,0,-0.6480576784030068,1
675,0,3,1,-0.8726457215881294,0,0,-0.4915983593444487,1
676,0,3,1,-0.37340213518410253,0,0,-0.48606442844527137,1
677,1,3,2,-0.8726457215881294,0,0,-0.4500093593832497,1
678,0,3,2,1.0475219184273585,1,6,0.29572908222032107,1
679,1,1,1,0.5098749792230219,0,1,9.661740104981664,2
680,0,3,2,-0.10457866558193422,0,0,-0.4843036322500786,3
681,1,1,1,-0.18138537118255374,0,0,0.895993560684828,2
682,0,3,1,-0.7190323103868904,0,0,-0.46241945096696835,1
683,0,3,1,-1.1798725439906075,5,2,0.29572908222032107,1
684,0,2,1,2.3532359136378904,1,1,0.13675434002577333,1
685,0,2,1,-0.33499878238379277,1,2,0.18865657484452997,2
686,0,3,1,-1.1798725439906075,4,1,0.15058916727371655,1
687,0,3,1,-0.79583901598751,0,0,-0.44338675335081607,1
688,0,3,1,-0.8726457215881294,0,0,-0.49117979293462,1
689,1,1,2,-1.103065838389988,0,1,3.6047682176147444,1
690,1,1,1,0.12584145121992435,1,0,0.4989752716082872,1
691,1,3,2,-1.9479395999968028,0,1,-0.37806825769394486,2
692,1,3,1,-0.10457866558193422,0,0,0.48882906084695926,1
693,0,3,1,-0.33499878238379277,0,0,-0.5026662211428032,2
694,0,1,1,2.3532359136378904,0,0,-0.11378180431879875,1
695,0,2,1,1.7387822688329342,0,0,-0.3763919797161213,1
696,0,3,1,1.1243286240279782,0,0,-0.48606442844527137,1
697,1,3,2,-0.10457866558193422,0,0,-0.4924375045026148,3
698,0,1,1,1.5083621520310757,1,1,1.583289667316069,2
699,0,3,1,0.970715212826739,0,0,-0.49411378248043836,1
700,1,1,2,-0.8726457215881294,1,0,3.930515513725408,2
701,1,1,1,0.4330682736224024,0,0,-0.11906419290437707,1
702,0,3,2,-0.8726457215881294,0,1,-0.3571902456652305,2
703,0,3,1,-0.33499878238379277,0,0,-0.4922684680678763,3
704,0,3,1,-0.25819207678317324,1,0,-0.4900045872454856,1
705,0,2,1,0.7402950960248805,0,0,-0.12484966611715337,1
706,1,2,2,1.2011353296285976,0,0,-0.3763919797161213,1
707,1,1,1,0.970715212826739,0,0,-0.11906419290437707,1
708,1,1,2,-0.5654188991856514,0,0,2.401641331670881,1
709,1,3,1,-0.10457866558193422,1,1,-0.34126057402963506,2
710,1,1,2,-0.4118054879844123,0,0,0.34813440166627563,2
711,0,1,1,-0.10457866558193422,0,0,-0.11378180431879875,1
712,1,1,1,1.431555446430456,1,0,0.39835834616870003,1
713,0,3,1,-0.027771959981314702,0,0,-0.4572215805987593,1
714,0,2,1,1.7387822688329342,0,0,-0.38645367226008004,1
715,0,3,1,-0.79583901598751,0,0,-0.49411378248043836,1
716,1,1,2,0.663488390424261,0,0,3.930515513725408,2
717,1,2,2,-0.18138537118255374,0,0,-0.43676213497987365,1
718,0,3,1,-0.10457866558193422,0,0,-0.3361452095402864,3
719,0,3,1,0.27945486242116335,0,0,-0.4915983593444487,1
720,1,2,2,-1.7943261887955637,0,1,0.016014029498268696,1
721,0,3,1,-0.9494524271887489,1,0,-0.5061032953158195,1
722,0,2,1,0.3562615680217829,0,0,-0.38645367226008004,1
723,0,2,1,1.5851688576316951,0,0,-0.38645367226008004,1
724,1,1,1,-0.18138537118255374,1,0,0.4204940697654092,1
725,0,3,1,-0.7190323103868904,0,0,-0.4737388550789219,1
726,1,2,2,0.04903474561930482,3,0,-0.22546659155674054,1
727,1,3,2,-0.10457866558193422,0,0,-0.49235298628524554,3
728,0,2,1,-0.33499878238379277,1,0,-0.12484966611715337,1
729,0,3,2,-0.33499878238379277,1,0,-0.48857985158126105,1
730,1,1,2,-0.027771959981314702,0,0,3.6047682176147444,1
731,0,3,1,-1.410292660792466,0,0,-0.26998958106375787,2
732,0,2,1,-0.10457866558193422,0,0,-0.6480576784030068,1
733,0,2,1,-0.48861219358503183,0,0,-0.38645367226008004,1
734,0,2,1,-0.48861219358503183,0,0,-0.38645367226008004,1
735,0,3,1,-0.06617531278162446,0,0,-0.32407117848753597,1
736,0,3,2,1.431555446430456,1,3,0.043683683994155176,1
737,1,1,1,0.4330682736224024,0,0,9.661740104981664,2
738,0,3,1,-0.10457866558193422,0,0,-0.4891674544258282,1
739,0,3,1,-0.10457866558193422,0,0,-0.4891674544258282,1
740,1,1,1,-0.10457866558193422,0,0,-0.04435612576548362,1
741,0,1,1,0.5098749792230219,1,0,0.938671235779283,1
742,1,1,2,-0.6422256047862709,2,2,4.631815484039331,2
743,0,3,1,-0.4118054879844123,1,0,-0.32407117848753597,1
744,1,3,1,0.12584145121992435,0,0,-0.48857985158126105,1
745,0,1,1,3.1213029696440855,1,1,0.7807026628391313,1
746,0,3,1,-1.0262591327893684,1,1,-0.24055913037267862,1
747,1,2,2,0.04903474561930482,0,0,-0.38645367226008004,1
748,0,1,1,-0.79583901598751,1,0,0.4204940697654092,1
749,0,3,1,0.12584145121992435,0,0,-0.49210144397164657,3
750,1,2,2,-1.9479395999968028,1,1,-0.18521982138090567,1
751,1,3,1,-1.7943261887955637,0,1,-0.39701844943123665,1
752,0,3,1,0.27945486242116335,0,0,-0.4568855200677911,1
753,0,3,1,-0.48861219358503183,0,0,-0.4891674544258282,1
754,1,2,2,1.431555446430456,1,2,0.6599623523116267,1
755,1,2,1,-2.2037059296468655,1,1,-0.35626859462820387,1
756,0,3,1,-0.10457866558193422,0,0,-0.49117979293462,1
757,0,2,1,-0.8726457215881294,0,0,-0.4166387498919562,1
758,0,3,1,0.3562615680217829,0,0,-0.48606442844527137,1
759,1,1,2,0.27945486242116335,0,0,1.0926151317018515,1
760,0,3,1,-0.10457866558193422,0,0,-0.35626859462820387,1
761,0,3,1,0.8939085072261196,0,0,-0.504678559651595,1
762,1,3,1,-0.7190323103868904,0,0,-0.502581702925434,2
763,1,1,2,0.5098749792230219,1,2,1.7667485321470857,1
764,0,3,1,-1.0262591327893684,0,0,-0.4915983593444487,1
765,1,1,2,1.6619755632323148,1,0,0.9207272132963871,1
766,0,1,1,-0.10457866558193422,0,0,0.1488283710785238,2
767,0,3,2,0.08743809841961457,0,0,-0.49210144397164657,3
768,0,3,1,-0.10457866558193422,1,0,-0.16207792852980066,3
769,0,3,1,0.20264815682054385,0,0,-0.47977587060529714,1
770,0,3,1,-0.4118054879844123,0,0,-0.4568855200677911,1
771,0,3,1,1.431555446430456,0,0,-0.4900045872454856,1
772,0,2,2,2.122815796836032,0,0,-0.43676213497987365,1
773,0,3,1,-0.10457866558193422,0,0,-0.5026662211428032,2
774,1,2,2,1.8923956800341732,1,3,-0.18521982138090567,1
775,0,3,1,-0.8726457215881294,0,0,-0.49210144397164657,1
776,0,3,1,-0.10457866558193422,0,0,-0.49210144397164657,3
777,1,3,2,-1.8711328943961831,0,0,-0.39701844943123665,1
778,0,3,1,-0.10457866558193422,0,0,-0.49235298628524554,3
779,1,1,2,1.0475219184273585,0,1,3.6047682176147444,1
780,1,3,2,-1.2566792495912271,0,0,-0.502581702925434,2
781,1,1,2,-0.9494524271887489,1,0,0.4989752716082872,1
782,0,1,1,-0.027771959981314702,0,0,-0.04435612576548362,1
783,0,3,1,-0.10457866558193422,1,2,-0.17616429809134285,1
784,0,3,1,-0.33499878238379277,0,0,-0.5061878135331888,1
785,0,3,1,-0.33499878238379277,0,0,-0.5021631365156053,1
786,1,3,2,-0.8726457215881294,0,0,-0.4972168084609952,1
787,0,3,1,-1.6407127775943247,4,1,-0.061964087717411374,3
788,1,3,1,-2.1783597167986612,1,2,-0.23401903021910547,1
789,0,1,1,1.2779420352292172,0,0,0.9457144205600544,2
790,0,3,1,-0.10457866558193422,0,0,-0.49210144397164657,3
791,0,2,1,-1.0262591327893684,0,0,-0.12484966611715337,1
792,0,3,2,-0.10457866558193422,8,2,0.751523754461651,1
793,0,1,1,-0.10457866558193422,0,0,-0.03035427442131069,2
794,0,3,1,-0.33499878238379277,0,0,-0.4891674544258282,1
795,0,2,1,0.7402950960248805,0,0,-0.38645367226008004,1
796,1,1,2,1.5083621520310757,0,0,-0.1262744017813779,1
797,1,3,2,0.12584145121992435,0,0,-0.47332028866909326,1
798,0,3,1,0.04903474561930482,0,0,-0.502581702925434,2
799,0,3,2,0.04903474561930482,1,1,-0.16207792852980066,1
800,0,2,1,0.3562615680217829,0,0,-0.38645367226008004,1
801,1,2,2,0.12584145121992435,1,1,-0.11981881984517401,1
802,1,1,1,-1.410292660792466,1,2,1.7667485321470857,1
803,1,3,1,-2.2229076060470203,0,1,-0.4766728446247403,2
804,1,3,1,-0.18138537118255374,0,0,-0.5076970674147826,1
805,0,3,1,0.12584145121992435,0,0,-0.4915983593444487,1
806,0,1,1,0.7402950960248805,0,0,-0.6480576784030068,1
807,0,3,2,-0.8726457215881294,0,0,-0.4915983593444487,1
808,0,2,1,0.7402950960248805,0,0,-0.38645367226008004,1
809,1,1,2,0.27945486242116335,1,0,0.4204940697654092,1
810,0,3,1,-0.25819207678317324,0,0,-0.48933447852205797,1
811,0,3,1,0.7402950960248805,0,0,-0.16207792852980066,1
812,0,2,1,0.4330682736224024,0,0,-0.43676213497987365,1
813,0,3,2,-1.7943261887955637,4,2,-0.01869880977838891,1
814,0,3,1,0.08743809841961457,0,0,-0.48606442844527137,1
815,0,1,1,-0.10457866558193422,0,0,-0.6480576784030068,1
816,0,3,2,-0.48861219358503183,0,0,-0.48857985158126105,1
817,0,2,1,0.12584145121992435,1,1,0.09659208806730764,2
818,0,3,1,1.0475219184273585,0,0,-0.5182618445859393,1
819,0,3,1,-1.4870993663930856,3,2,-0.08661523445011025,1
820,1,1,2,1.7387822688329342,1,1,1.2334788273172737,1
821,1,3,1,-0.18138537118255374,0,0,-0.4737388550789219,1
822,0,1,1,0.663488390424261,0,0,-0.6480576784030068,1
823,1,3,2,-0.18138537118255374,0,1,-0.39701844943123665,1
824,0,3,1,-2.1015530111980416,4,1,0.15058916727371655,1
825,0,3,1,-0.10457866558193422,0,0,-0.5082001520419805,3
826,0,3,1,-0.10457866558193422,0,0,0.48882906084695926,1
827,1,2,1,-2.1783597167986612,0,2,0.09659208806730764,2
828,1,3,1,-0.10457866558193422,0,0,-0.49210144397164657,3
829,1,1,2,2.5068493248391293,0,0,0.9618131286303883,4
830,1,3,2,-1.103065838389988,1,0,-0.3571902456652305,2
831,1,2,1,-2.1914168567507666,1,1,-0.2707442080045548,1
832,0,3,1,-0.10457866558193422,0,0,-0.502581702925434,2
833,0,3,1,-0.48861219358503183,0,0,-0.4900045872454856,1
834,0,3,1,-0.8726457215881294,0,0,-0.481033582173292,1
835,1,1,2,0.7402950960248805,1,1,1.0253688157535579,2
836,0,3,1,-0.6422256047862709,0,0,-0.4737388550789219,1
837,0,3,1,-0.10457866558193422,0,0,-0.48606442844527137,1
838,1,3,1,0.20264815682054385,0,0,0.48882906084695926,1
839,1,1,1,-0.10457866558193422,0,0,-0.05039314129185886,2
840,0,3,1,-0.7190323103868904,0,0,-0.48857985158126105,1
841,0,2,1,-1.0262591327893684,0,0,-0.43676213497987365,1
842,1,1,2,0.04903474561930482,0,0,-0.024232740677566176,2
843,0,3,1,0.39466492082209265,0,0,-0.5185133868995382,2
844,0,3,1,-0.9494524271887489,0,0,-0.4737388550789219,1
845,0,3,1,0.970715212826739,0,0,-0.4961261209892301,1
846,0,3,1,-0.10457866558193422,8,2,0.751523754461651,1
847,0,3,1,0.4330682736224024,0,0,-0.4891674544258282,2
848,0,2,1,-0.10457866558193422,0,1,0.016014029498268696,1
849,1,1,2,-0.10457866558193422,1,0,1.1450204511478064,2
850,0,3,1,-1.9479395999968028,4,2,-0.01869880977838891,1
851,0,3,1,3.4285297920465636,0,0,-0.4915983593444487,1
852,0,3,2,-1.563906071993705,1,1,-0.34126057402963506,2
853,1,1,2,-1.0262591327893684,0,1,0.14480369406094026,1
854,0,2,2,1.1243286240279782,1,0,-0.12484966611715337,1
855,1,3,2,-0.8726457215881294,0,1,-0.45990402783097867,1
856,1,1,2,1.2011353296285976,1,1,2.669618413871151,1
857,1,1,1,1.6619755632323148,0,0,-0.11378180431879875,1
858,1,3,2,-0.4118054879844123,0,3,-0.26051549136436636,2
859,0,3,1,-0.10457866558193422,0,0,-0.502581702925434,2
860,0,3,1,0.8939085072261196,2,0,-0.36415092456714115,1
861,0,2,1,-0.6422256047862709,1,0,-0.4166387498919562,1
862,1,1,2,1.431555446430456,0,0,-0.1262744017813779,1
863,0,3,2,-0.10457866558193422,8,2,0.751523754461651,1
864,0,2,1,-0.4118054879844123,0,0,-0.38645367226008004,1
865,1,2,2,0.970715212826739,0,0,-0.38645367226008004,1
866,1,2,2,-0.18138537118255374,1,0,-0.3691817708391205,2
867,0,1,1,0.12584145121992435,0,0,0.36808875031945465,1
868,0,3,1,-0.10457866558193422,0,0,-0.4568855200677911,1
869,1,3,1,-1.9479395999968028,1,1,-0.42401799520369554,1
870,0,3,1,-0.25819207678317324,0,0,-0.4891674544258282,1
871,1,1,2,1.3547487408298367,1,1,0.40951072618442386,1
872,0,1,1,0.27945486242116335,0,0,-0.5474407529634195,1
873,0,3,1,1.3547487408298367,0,0,-0.4669472126117498,1
874,1,2,2,-0.10457866558193422,1,0,-0.16509643629298823,2
875,1,3,2,-1.103065838389988,0,0,-0.5026662211428032,2
876,0,3,1,-0.7190323103868904,0,0,-0.4499268535043892,1
877,0,3,1,-0.79583901598751,0,0,-0.4891674544258282,1
878,0,3,1,-0.10457866558193422,0,0,-0.4891674544258282,1
879,1,1,2,2.0460090912354123,0,1,1.0253688157535579,2
880,1,2,2,-0.33499878238379277,0,1,-0.12484966611715337,1
881,0,3,1,0.27945486242116335,0,0,-0.4891674544258282,1
882,0,3,2,-0.5654188991856514,0,0,-0.4364260744489054,1
883,0,2,1,-0.10457866558193422,0,0,-0.43676213497987365,1
884,0,3,1,-0.33499878238379277,0,0,-0.5061878135331888,1
885,0,3,2,0.7402950960248805,0,5,-0.061964087717411374,3
886,0,2,1,-0.18138537118255374,0,0,-0.38645367226008004,1
887,1,1,2,-0.79583901598751,0,0,-0.04435612576548362,1
888,0,3,2,-0.10457866558193422,1,2,-0.17616429809134285,1
889,1,1,1,-0.25819207678317324,0,0,-0.04435612576548362,2
890,0,3,1,0.20264815682054385,0,0,-0.49210144397164657,3
